ID,slug,name,short_description,long_description,seo_description,base_spirit,category_primary,categories_all,tags,image_url,image_alt,glassware,garnish,technique,difficulty,flavor_strength,flavor_sweetness,flavor_tartness,flavor_bitterness,flavor_aroma,flavor_texture,notes,fun_fact,fun_fact_source,metadata_json,ingredients,instructions
mw_review_001_001,bobby-burns,Bobby Burns,A Scotch Manhattan variation finished with Bénédictine for gentle herbal sweetness.,"The Bobby Burns applies the Manhattan template to Scotch whisky, then adds a small measure of Bénédictine. Scotch contributes grain and peat character in place of rye spice, while sweet vermouth supplies wine depth and the liqueur adds herbal sweetness without turning the drink dessert-like. Stirred and served up, it remains spirit-forward and compact. The drink appears in early twentieth-century manuals and is named for the Scottish poet Robert Burns.","Stir a Bobby Burns with Scotch whisky, sweet vermouth, and Bénédictine for a herbal Manhattan variation.",Scotch,Spirit-Forward,classic|spirit-forward|manhattan-family|scotch,scotch|vermouth|benedictine|stirred|manhattan,,"Bobby Burns served in a chilled coupe, amber-brown in color, garnished with a lemon twist.",Coupe,lemon twist,Stir,Intermediate,8,4,1,4,7,6,Keep the Bénédictine modest; excess sweetness buries the Scotch. A blended Scotch keeps the profile balanced; peated malts make a louder variant.,"The Bobby Burns appears in Harry Craddock’s Savoy Cocktail Book (1930) as a Scotch whisky cocktail with vermouth and Bénédictine, named for the Scottish poet.","Harry Craddock, The Savoy Cocktail Book (1930)",{},2 oz Scotch whisky|1 oz sweet vermouth|0.25 oz Bénédictine|2 dashes orange bitters,"1. Add Scotch, sweet vermouth, Bénédictine, and orange bitters to a mixing glass with ice. 2. Stir until well chilled and slightly viscous. 3. Strain into a chilled coupe. 4. Garnish with a lemon twist."
mw_review_001_002,champs-elysees,Champs-Élysées,A Cognac sour from the 1920s that uses yellow Chartreuse in place of orange liqueur.,"The Champs-Élysées keeps the Sidecar’s Cognac-and-lemon frame but swaps orange liqueur for yellow Chartreuse. Cognac provides dried-fruit richness, lemon keeps the drink bright, and Chartreuse adds honeyed herbal depth that softens the need for much additional sugar. Shaken and served up, it reads as a French sour with more spice than a standard Sidecar. Harry MacElhone printed an early version in the 1920s.","Shake a Champs-Élysées with Cognac, yellow Chartreuse, and lemon juice for a herbal Sidecar variation.",Cognac,Sour,classic|sour|sidecar-family|french,cognac|chartreuse|lemon|shaken|sidecar,,"Champs-Élysées served in a chilled coupe, pale gold in color, garnished with a lemon twist.",Coupe,lemon twist,Shake,Intermediate,7,4,6,3,8,5,Yellow Chartreuse already sweetens; add only a teaspoon of syrup if the Cognac is especially dry. Shake hard and fine-strain for a clean surface.,"An early Champs-Élysées recipe appears in Harry MacElhone’s ABC of Mixing Cocktails (1923), pairing Cognac with Chartreuse and lemon.","Harry MacElhone, ABC of Mixing Cocktails (1923)",{},2 oz Cognac|0.75 oz yellow Chartreuse|0.75 oz fresh lemon juice|1 tsp simple syrup|2 dashes Angostura bitters,"1. Add Cognac, yellow Chartreuse, lemon juice, simple syrup, and Angostura to a shaker with ice. 2. Shake until well chilled. 3. Fine-strain into a chilled coupe. 4. Garnish with a lemon twist."
mw_review_001_003,fancy-free,Fancy Free,An Old Fashioned variation sweetened with maraschino liqueur instead of simple syrup.,"The Fancy Free keeps the Old Fashioned’s whiskey-and-bitters core but replaces plain sugar with maraschino liqueur. Bourbon remains dominant, while maraschino adds cherry-almond sweetness and orange bitters lift the aroma. Stirred over ice and served on a large cube, it stays dry enough to drink as a spirit-forward cocktail rather than a sweetened whiskey drink. David Embury published the formula in 1948.","Stir a Fancy Free with bourbon, maraschino liqueur, and bitters for a classic Old Fashioned variation.",Bourbon,Spirit-Forward,classic|spirit-forward|old-fashioned-family,bourbon|maraschino|bitters|stirred|old-fashioned,,"Fancy Free served in a rocks glass over a large ice cube, amber in color, garnished with an orange twist.",Rocks glass,orange twist,Stir,Easy,8,4,1,5,7,6,Measure the maraschino carefully; a half-ounce is enough. Express the orange peel over the drink to reinforce the orange bitters.,David Embury’s The Fine Art of Mixing Drinks (1948) records the Fancy Free as an Old Fashioned built with maraschino rather than sugar syrup.,"David Embury, The Fine Art of Mixing Drinks (1948)",{},2 oz bourbon|0.5 oz maraschino liqueur|2 dashes orange bitters|2 dashes Angostura bitters,"1. Add bourbon, maraschino, orange bitters, and Angostura to a mixing glass with ice. 2. Stir until well chilled. 3. Strain over a large ice cube in a rocks glass. 4. Garnish with an expressed orange twist."
mw_review_001_004,floridita-daiquiri,Floridita Daiquiri,Havana’s El Floridita daiquiri variation with grapefruit juice and maraschino liqueur.,"The Floridita Daiquiri elaborates the classic rum-lime-sugar sour with grapefruit juice and a touch of maraschino. White rum stays clean and light, lime and grapefruit tighten the acidity, and maraschino adds subtle cherry depth without turning the drink heavy. Shaken and served up, it is colder and more layered than a three-ingredient Daiquiri. Constantino Ribalaigua Vert developed the house style at El Floridita in Havana.","Shake a Floridita Daiquiri with white rum, lime, grapefruit, and maraschino for a Havana classic.",Rum,Sour,classic|sour|daiquiri-family|havana,rum|lime|grapefruit|maraschino|shaken|cuban,,"Floridita Daiquiri served in a chilled coupe, pale yellow in color, no garnish.",Coupe,None,Shake,Intermediate,6,4,7,2,6,5,Fresh grapefruit juice is essential; bottled juice dulls the drink. Keep maraschino at a quarter-ounce so it seasons rather than sweetens.,Constantino Ribalaigua Vert refined multiple daiquiri styles at Havana’s El Floridita; the grapefruit-and-maraschino version is closely associated with the bar’s mid-century reputation.,"Jeffrey Morgenthaler, The Bar Book; El Floridita bar histories",{},2 oz white rum|0.5 oz fresh lime juice|0.5 oz fresh grapefruit juice|0.5 oz simple syrup|0.25 oz maraschino liqueur,"1. Add rum, lime juice, grapefruit juice, simple syrup, and maraschino to a shaker with ice. 2. Shake until well chilled. 3. Fine-strain into a chilled coupe. 4. Serve without garnish."
mw_review_001_005,improved-whiskey-cocktail,Improved Whiskey Cocktail,"A nineteenth-century whiskey cocktail enhanced with maraschino, absinthe, and dual bitters.","The Improved Whiskey Cocktail starts from spirit, sugar, and bitters, then adds maraschino and absinthe for aromatic lift. Rye provides spice and dryness, the bitters deepen the finish, and the liqueur additions perfume the drink without turning it into a multi-liqueur showpiece. Stirred and served up or on a large cube, it sits between a plain whiskey cocktail and later Old Fashioned elaborations. Jerry Thomas published an early improved-style template in the 1860s.","Stir an Improved Whiskey Cocktail with rye, maraschino, absinthe, and bitters for a classic 19th-century drink.",Rye,Spirit-Forward,classic|spirit-forward|old-fashioned-family|improved,rye|maraschino|absinthe|bitters|stirred,,"Improved Whiskey Cocktail served in a chilled coupe, amber in color, garnished with a lemon twist.",Coupe,lemon twist,Stir,Intermediate,8,3,1,5,9,6,Treat absinthe as seasoning—rinse or a scant quarter-ounce is enough. Dual bitters matter; Peychaud’s softens Angostura’s spice.,Jerry Thomas’s How to Mix Drinks (1862) popularized “improved” cocktails that add liqueurs and absinthe to the basic spirit-sugar-bitters formula.,"Jerry Thomas, How to Mix Drinks (1862); David Wondrich, Imbibe!",{},2 oz rye whiskey|1 barspoon simple syrup|0.25 oz maraschino liqueur|0.25 oz absinthe|2 dashes Angostura bitters|2 dashes Peychaud’s bitters,"1. Add rye, simple syrup, maraschino, absinthe, and both bitters to a mixing glass with ice. 2. Stir until well chilled. 3. Strain into a chilled coupe. 4. Garnish with a lemon twist."
mw_review_001_006,little-italy,Little Italy,A modern Manhattan variation that splits the sweetener between vermouth and Cynar.,"The Little Italy keeps rye whiskey as the base and replaces part of the Manhattan’s sweet vermouth with Cynar. Rye supplies spice, vermouth keeps wine sweetness, and Cynar adds artichoke bitterness and herbal depth. Stirred and served on a large cube, it drinks drier and more bitter than a standard Manhattan while remaining clearly in that family. Audrey Saunders created the drink at New York’s Pegu Club in 2005.","Stir a Little Italy with rye whiskey, Cynar, and sweet vermouth for a bitter Manhattan variation.",Rye,Spirit-Forward,modern-classic|spirit-forward|manhattan-family|amaro,rye|cynar|vermouth|bitters|stirred|pegu-club,,"Little Italy served in a rocks glass over a large ice cube, dark amber in color, garnished with a cherry.",Rocks glass,brandied cherry,Stir,Intermediate,8,3,1,7,8,6,Saunders’s proportions keep Cynar supporting rather than dominating. Use a spicy rye and chill thoroughly before straining over fresh ice.,"Audrey Saunders created the Little Italy at Pegu Club in New York in 2005, using Cynar to push the Manhattan toward a drier, amaro-accented profile.",Punch Drink; Pegu Club cocktail histories,{},2 oz rye whiskey|0.75 oz sweet vermouth|0.5 oz Cynar|1 dash Angostura bitters,"1. Add rye, sweet vermouth, Cynar, and Angostura to a mixing glass with ice. 2. Stir until well chilled. 3. Strain over a large ice cube in a rocks glass. 4. Garnish with a brandied cherry."
mw_review_001_007,montgomery-martini,Montgomery Martini,An extra-dry gin Martini built at a 6:1 gin-to-vermouth ratio.,"The Montgomery Martini sits at the dry end of the Martini spectrum, using roughly six parts gin to one part dry vermouth. Gin remains the primary flavor, while vermouth softens edges and adds faint herbal roundness rather than equal partnership. Stirred ice-cold and served up, the drink depends on clean gin and disciplined dilution. The nickname references Field Marshal Bernard Montgomery and the dry ratios associated with mid-century Martini taste.",Stir a Montgomery Martini with gin and dry vermouth in a 6:1 ratio for an extra-dry classic.,Gin,Spirit-Forward,classic|spirit-forward|martini-family|dry,gin|dry-vermouth|stirred|martini|extra-dry,,"Montgomery Martini served in a chilled coupe, clear and pale, garnished with a lemon twist.",Coupe,lemon twist|olive,Stir,Easy,9,1,1,2,6,7,Stir longer than a wetter Martini so dilution rounds the high-proof gin. Choose lemon twist or olive; do not combine both.,"The Montgomery nickname is linked in cocktail lore to Field Marshal Bernard Montgomery and a preference for very dry Martinis, commonly cited around a 6:1 ratio.",Cocktail lore summarized in modern Martini histories; ratio convention in craft-bar practice,{},3 oz gin|0.5 oz dry vermouth,1. Add gin and dry vermouth to a mixing glass with ice. 2. Stir until very cold and silky. 3. Strain into a chilled coupe. 4. Garnish with a lemon twist or olive.
mw_review_001_008,preakness,Preakness,A Manhattan variation enriched with Bénédictine and named for the Preakness Stakes.,"The Preakness builds on rye, sweet vermouth, and bitters, then adds Bénédictine for herbal sweetness and spice. Compared with a standard Manhattan, it is richer and slightly softer on the finish while remaining stirred and spirit-forward. Served up, it reads as a racing-season Manhattan cousin rather than a separate template. The name references the Preakness Stakes, the second leg of the Triple Crown.","Stir a Preakness with rye whiskey, sweet vermouth, and Bénédictine for a Manhattan variation.",Rye,Spirit-Forward,classic|spirit-forward|manhattan-family,rye|vermouth|benedictine|bitters|stirred,,"Preakness served in a chilled coupe, amber-brown in color, garnished with a lemon twist.",Coupe,lemon twist,Stir,Intermediate,8,5,1,4,7,6,"If the drink tastes candy-sweet, reduce Bénédictine before cutting vermouth. A spicy rye keeps the profile from becoming soft.",The Preakness appears in mid-twentieth-century American cocktail lists as a Manhattan-style drink named for the Preakness Stakes.,Mid-century American cocktail manuals; racing-cocktail tradition summaries,{},2 oz rye whiskey|1 oz sweet vermouth|0.5 oz Bénédictine|2 dashes Angostura bitters,"1. Add rye, sweet vermouth, Bénédictine, and Angostura to a mixing glass with ice. 2. Stir until well chilled. 3. Strain into a chilled coupe. 4. Garnish with a lemon twist."
mw_review_001_009,widows-kiss,Widow's Kiss,A pre-Prohibition stirred drink of calvados with yellow Chartreuse and Bénédictine.,"The Widow’s Kiss uses apple brandy as a base and layers yellow Chartreuse and Bénédictine for honeyed herbal sweetness. Calvados contributes ripe apple and oak, while the two liqueurs thicken the texture and perfume the finish. Stirred and served up, it is rich, aromatic, and distinctly nineteenth-century in structure. George Kappeler published the drink in 1895.","Stir a Widow's Kiss with calvados, yellow Chartreuse, and Bénédictine for a classic apple brandy cocktail.",Apple Brandy,Spirit-Forward,classic|spirit-forward|pre-prohibition|apple,calvados|chartreuse|benedictine|bitters|stirred,,"Widow's Kiss served in a chilled coupe, golden-amber in color, no fruit garnish required.",Coupe,None,Stir,Intermediate,8,6,1,4,9,7,No extra sugar is needed. Prefer true calvados or a characterful apple brandy over a neutral apple spirit.,George Kappeler’s Modern American Drinks (1895) includes the Widow’s Kiss among early published apple brandy cocktails.,"George Kappeler, Modern American Drinks (1895); David Wondrich, Imbibe!",{},2 oz calvados|0.5 oz yellow Chartreuse|0.5 oz Bénédictine|2 dashes Angostura bitters,"1. Add calvados, yellow Chartreuse, Bénédictine, and Angostura to a mixing glass with ice. 2. Stir until well chilled. 3. Strain into a chilled coupe. 4. Serve without garnish, or with a thin apple slice only if desired."
mw_review_001_010,boulevardier,Boulevardier,A whiskey Negroni of bourbon or rye with Campari and sweet vermouth.,"The Boulevardier replaces the Negroni’s gin with whiskey while keeping Campari and sweet vermouth. Bourbon softens the bitter edge with caramel and oak; rye keeps the drink drier and spicier. Stirred over ice and served on a rock or up, it is denser and warmer than a Negroni but equally structured. Erskine Gwynne’s Paris magazine The Boulevardier helped popularize the name in the 1920s.","Stir a Boulevardier with bourbon, Campari, and sweet vermouth for a classic whiskey Negroni.",Bourbon,Spirit-Forward,classic|spirit-forward|negroni-family|aperitivo,bourbon|campari|vermouth|bitter|stirred|negroni,,"Boulevardier served in a rocks glass over a large ice cube, deep red in color, garnished with an orange peel.",Rocks glass,orange peel,Stir,Easy,8,3,1,8,8,6,Equal parts work; many modern bars prefer a slightly whiskey-forward 1.5:1:1 build. Express the orange peel over the surface.,The Boulevardier is associated with Erskine Gwynne’s Paris magazine of the same name in the 1920s and is structurally a whiskey Negroni.,Harry McElhone era Paris cocktail histories; Punch Drink,{},1.5 oz bourbon|1 oz Campari|1 oz sweet vermouth,"1. Add bourbon, Campari, and sweet vermouth to a mixing glass with ice. 2. Stir until well chilled. 3. Strain over a large ice cube in a rocks glass. 4. Garnish with an expressed orange peel."
mw_review_001_011,brooklyn,Brooklyn,"A dry rye cocktail with dry vermouth, Amer Picon, and maraschino.","The Brooklyn sits beside the Manhattan as a drier, more aromatic rye cocktail. Dry vermouth replaces sweet vermouth, Amer Picon contributes bitter orange depth, and maraschino adds a light cherry note. Stirred and served up, it is leaner and more bitter than a Manhattan. Early twentieth-century New York manuals established the drink among the borough cocktails.","Stir a Brooklyn with rye whiskey, dry vermouth, Amer Picon, and maraschino for a classic dry rye cocktail.",Rye,Spirit-Forward,classic|spirit-forward|manhattan-family|new-york,rye|dry-vermouth|amer-picon|maraschino|stirred,,"Brooklyn served in a chilled coupe, amber in color, garnished with a brandied cherry.",Coupe,brandied cherry,Stir,Intermediate,8,2,1,6,8,6,Amer Picon is scarce in the U.S.; Torani Amer or a measured amaro-orange blend is a common substitute. Keep maraschino light.,"The Brooklyn appears in early twentieth-century New York cocktail lists as a dry counterpart to the Manhattan, typically using Amer Picon and maraschino.","Jack’s Manual and related early New York cocktail sources; David Wondrich, Imbibe!",{},2 oz rye whiskey|0.75 oz dry vermouth|0.25 oz Amer Picon|0.25 oz maraschino liqueur,"1. Add rye, dry vermouth, Amer Picon, and maraschino to a mixing glass with ice. 2. Stir until well chilled. 3. Strain into a chilled coupe. 4. Garnish with a brandied cherry."
mw_review_001_012,bramble,Bramble,A modern gin sour served over crushed ice with a crème de mûre drizzle.,"The Bramble is a gin-lemon-sugar sour finished with blackberry liqueur over crushed ice. Gin and citrus stay bright underneath, while crème de mûre bleeds through the ice for fruit sweetness and color. Built as a shaken sour then assembled over pebble or crushed ice, it is refreshing and distinctly 1980s London in origin. Dick Bradsell created the drink at Fred’s Club.","Shake a Bramble with gin, lemon, sugar, and crème de mûre for a modern blackberry gin sour.",Gin,Sour,modern-classic|sour|gin|berry,gin|lemon|blackberry|crème-de-mûre|crushed-ice,,"Bramble served over crushed ice in a rocks glass, pale with a dark berry drizzle, garnished with blackberry and lemon.",Rocks glass,fresh blackberry|lemon slice,Shake,Easy,5,5,6,1,6,5,Drizzle the crème de mûre after shaking so it streaks through the ice. Crushed ice is part of the drink’s identity.,"Dick Bradsell created the Bramble in London in the 1980s, helping define the modern British gin-sour revival.",Dick Bradsell cocktail histories; Difford’s Guide summaries,{},2 oz gin|1 oz fresh lemon juice|0.5 oz simple syrup|0.5 oz crème de mûre,"1. Shake gin, lemon juice, and simple syrup with ice. 2. Strain into a rocks glass filled with crushed ice. 3. Drizzle crème de mûre over the top. 4. Garnish with a blackberry and lemon slice."
mw_review_001_013,caipirinha,Caipirinha,Brazil’s national cocktail of cachaça muddled with lime and sugar over ice.,"The Caipirinha is a built muddled sour that depends on ripe lime, sugar, and cachaça rather than measured citrus juice alone. Muddling the lime releases oils from the peel as well as juice, giving the drink a sharper aromatic edge than a shaken daiquiri-style sour. Served over ice in the glass it is built in, it is rustic, bright, and spirit-forward. It is widely treated as Brazil’s national cocktail.","Build a Caipirinha with cachaça, lime, and sugar for Brazil’s classic muddled cocktail.",Cachaça,Sour,classic|sour|brazilian|muddled,cachaça|lime|sugar|built|muddled,,Caipirinha served in a rocks glass over ice with muddled lime wedges.,Rocks glass,lime wedge,Build,Easy,7,4,7,1,7,5,"Muddle firmly enough to release juice and oils without shredding the lime into bitterness. Use true cachaça, not white rum.",The Caipirinha is recognized as Brazil’s national cocktail and is defined by cachaça muddled with lime and sugar rather than a shaken juice sour.,IBA cocktail listings; Brazilian spirits histories,{},2 oz cachaça|1 lime cut into wedges|2 tsp granulated sugar,1. Add lime wedges and sugar to a rocks glass and muddle to extract juice and oils. 2. Fill the glass with ice. 3. Add cachaça. 4. Stir briefly to combine and serve.
mw_review_001_014,pisco-sour,Pisco Sour,"A South American pisco sour with lemon or lime, syrup, egg white, and bitters.","The Pisco Sour emulsifies pisco, citrus, sugar, and egg white into a silky shaken sour with a dense foam cap. Pisco’s grape character stays clear under bright acidity, while bitters dotted on the foam add aroma more than bitterness. Served up, it is one of the core egg-white sours in the international canon. Peru and Chile both claim versions; the Lima bar tradition associated with the Morris Bar is especially influential.","Shake a Pisco Sour with pisco, citrus, simple syrup, and egg white for a classic South American sour.",Pisco,Sour,classic|sour|egg-white|south-american,pisco|lemon|egg-white|bitters|shaken,,Pisco Sour served in a chilled coupe with a dense white foam and Angostura dots.,Coupe,Angostura bitters dots,Shake,Intermediate,6,4,6,2,7,8,"Dry-shake first for foam, then shake with ice. Peruvian style often uses lime; many U.S. bars use lemon. Either is acceptable if labeled consistently.","The modern Pisco Sour is closely associated with early twentieth-century Lima, especially the Morris Bar tradition popularized by bartender Victor Morris’s circle.",Peruvian cocktail histories; IBA Pisco Sour notes,{},2 oz pisco|1 oz fresh lemon juice|0.75 oz simple syrup|1 egg white|3 dashes Angostura bitters,"1. Dry-shake pisco, lemon juice, simple syrup, and egg white without ice. 2. Add ice and shake again until cold. 3. Fine-strain into a chilled coupe. 4. Dot Angostura bitters on the foam."
mw_review_001_015,vesper-martini,Vesper,"A shaken Martini variation of gin, vodka, and Lillet Blanc from Casino Royale.","The Vesper combines gin and vodka with Lillet Blanc instead of dry vermouth, then is shaken and served up with a lemon peel. Gin carries the botanical frame, vodka lightens texture, and Lillet adds winey citrus bitterness distinct from vermouth. The formula is literary in origin and more aromatic than an extra-dry Martini. Ian Fleming published the recipe in Casino Royale in 1953.","Shake a Vesper with gin, vodka, and Lillet Blanc for the classic Casino Royale Martini variation.",Gin,Spirit-Forward,classic|spirit-forward|martini-family|literary,gin|vodka|lillet|shaken|martini,,"Vesper served in a chilled cocktail glass, clear and pale, garnished with a large lemon peel.",Cocktail glass,lemon peel,Shake,Easy,9,2,1,3,7,7,"Lillet Blanc replaced Kina Lillet after reformulation; Cocchi Americano is a common more bitter alternative. Shake as specified, then serve immediately.","Ian Fleming introduced the Vesper in Casino Royale (1953), specifying gin, vodka, and Kina Lillet shaken and finished with a lemon peel.","Ian Fleming, Casino Royale (1953)",{},3 oz gin|1 oz vodka|0.5 oz Lillet Blanc,"1. Add gin, vodka, and Lillet Blanc to a shaker with ice. 2. Shake until very cold. 3. Strain into a chilled cocktail glass. 4. Garnish with a large lemon peel."
mw_review_001_016,zombie,Zombie,"A strong multi-rum tiki sour with citrus, falernum, grenadine, and absinthe.","The Zombie is a high-powered tiki drink built on more than one rum, sharpened with citrus, and seasoned with falernum, grenadine, and absinthe. Light and dark rums create depth, lime and grapefruit keep the drink from collapsing into sweetness, and the spice accents give it a medicinal aromatic edge. Served tall over crushed ice, it is intentionally potent. Donn Beach created the original at Don the Beachcomber in the 1930s.","Build a Zombie with blended rums, citrus, falernum, and absinthe for a classic Donn Beach tiki cocktail.",Rum,Tiki,classic|tiki|rum|strong,rum|falernum|lime|grapefruit|absinthe|tiki,,"Zombie served in a tall tiki or chimney glass over crushed ice, garnished with mint.",Highball glass,mint sprig,Shake,Advanced,9,5,6,2,8,5,"This is a modern serviceable build, not a claim to Donn Beach’s secret original. Limit to one serving; the drink is designed to be strong.",Donn Beach created the Zombie at Don the Beachcomber in the 1930s; the original formula was closely guarded and later reconstructed by tiki historians.,"Jeff Berry, Sippin’ Safari; Don the Beachcomber histories",{},1 oz white rum|1 oz gold rum|1 oz dark rum|0.75 oz fresh lime juice|0.75 oz fresh grapefruit juice|0.5 oz falernum|0.25 oz grenadine|1 dash absinthe|2 dashes Angostura bitters,1. Add all ingredients to a shaker with ice. 2. Shake until well chilled. 3. Strain into a tall glass filled with crushed ice. 4. Garnish with a mint sprig.
mw_review_001_017,hot-toddy,Hot Toddy,"A hot whiskey drink with honey, lemon, and hot water, optionally seasoned with bitters or spice.","The Hot Toddy is a hot built drink rather than a cold cocktail template, combining whiskey, honey, lemon, and hot water. Whiskey provides warmth and body, honey sweetens and softens, and lemon keeps the finish from tasting flat. Served in a warmed mug, it is simple, restorative, and highly adjustable. Versions appear across British and American drink traditions under related toddy names.","Build a Hot Toddy with whiskey, honey, lemon, and hot water for a classic warm whiskey drink.",Whiskey,Hot,classic|hot|whiskey|restorative,whiskey|honey|lemon|hot|built,,"Hot Toddy served in a warmed mug, amber in color, garnished with a lemon wheel.",Mug,lemon wheel|optional clove,Build,Easy,6,5,4,1,6,5,"Warm the mug first. Add hot water last and stir to dissolve honey fully. Bourbon, rye, or Scotch all work; choose based on desired spice or smoke.","Toddy-style hot spirits drinks appear in British and American sources long before the cocktail age, later settling into the familiar whiskey-honey-lemon mug format.",Historical toddy references in British and American drink writing,{},2 oz whiskey|0.75 oz honey|0.5 oz fresh lemon juice|4 oz hot water|2 dashes Angostura bitters (optional),"1. Warm a mug with hot water and discard. 2. Add whiskey, honey, lemon juice, and optional bitters. 3. Top with hot water and stir until honey dissolves. 4. Garnish with a lemon wheel."
mw_review_001_018,paradise,Paradise,A gin sour brightened with apricot brandy and orange juice.,"The Paradise is a shaken gin cocktail that pairs apricot brandy with orange juice for a soft fruit profile. Gin keeps botanical structure, apricot adds stone-fruit sweetness, and orange juice rounds acidity without the sharper snap of lemon. Served up, it is lighter and fruitier than a White Lady or Aviation. Harry Craddock included it in the Savoy Cocktail Book.","Shake a Paradise with gin, apricot brandy, and orange juice for a classic Savoy-era cocktail.",Gin,Sour,classic|sour|gin|savoy,gin|apricot|orange|shaken|fruit,,"Paradise served in a chilled coupe, soft orange-gold in color, no garnish required.",Coupe,None,Shake,Easy,5,5,3,1,6,5,Use real apricot brandy or quality apricot liqueur; cheap “apricot brandy” can taste artificial. Fresh orange juice matters.,Harry Craddock’s Savoy Cocktail Book (1930) includes the Paradise among gin drinks built with apricot brandy and orange juice.,"Harry Craddock, The Savoy Cocktail Book (1930)",{},1.5 oz gin|0.75 oz apricot brandy|0.75 oz fresh orange juice,"1. Add gin, apricot brandy, and orange juice to a shaker with ice. 2. Shake until well chilled. 3. Strain into a chilled coupe. 4. Serve without garnish."
mw_review_001_019,stinger,Stinger,A simple stirred duo of Cognac and white crème de menthe served up or over ice.,"The Stinger is a two-ingredient Cognac cocktail seasoned with white crème de menthe. Cognac supplies richness and dried fruit, while mint liqueur cools the finish and lightens the texture. Stirred and served up or on crushed ice depending on house style, it is blunt, aromatic, and unmistakably mid-century. The drink was a staple of American society bars in the early and mid-twentieth century.",Stir a Stinger with Cognac and white crème de menthe for a classic minty brandy cocktail.,Cognac,Spirit-Forward,classic|spirit-forward|brandy|after-dinner,cognac|creme-de-menthe|mint|stirred,,"Stinger served in a chilled coupe, clear and pale, no garnish.",Coupe,None,Stir,Easy,7,5,0,1,8,6,White crème de menthe keeps the drink clear; green crème de menthe makes a different presentation. Keep the mint measure restrained.,The Stinger became a society-bar favorite in the United States in the early twentieth century as a short Cognac-and-mint digestif style drink.,American society-bar cocktail histories; Embury and mid-century manuals,{},2 oz Cognac|0.5 oz white crème de menthe,1. Add Cognac and white crème de menthe to a mixing glass with ice. 2. Stir until well chilled. 3. Strain into a chilled coupe. 4. Serve without garnish.
mw_review_001_020,tuxedo,Tuxedo,"A gin Martini variation with dry vermouth, maraschino, absinthe, and orange bitters.","The Tuxedo elaborates the Martini with maraschino, absinthe, and orange bitters. Gin and dry vermouth remain the frame, while maraschino adds light sweetness and absinthe contributes a brief anise perfume. Stirred and served up, it is more aromatic and slightly richer than a standard dry Martini. Multiple Tuxedo recipes exist; this version follows the common modern equal-parts gin-and-vermouth style with accents.","Stir a Tuxedo with gin, dry vermouth, maraschino, absinthe, and orange bitters for a classic Martini variation.",Gin,Spirit-Forward,classic|spirit-forward|martini-family,gin|vermouth|maraschino|absinthe|stirred,,"Tuxedo served in a chilled coupe, clear and pale, garnished with a cherry or lemon twist.",Coupe,brandied cherry|lemon twist,Stir,Intermediate,7,3,1,3,8,6,Absinthe should be a rinse or scant dash. Choose cherry or lemon twist based on whether you want fruit or citrus oils.,Tuxedo cocktails appear in late nineteenth- and early twentieth-century manuals as Martini-family drinks associated with the Tuxedo Club social set.,"Early American cocktail manuals; David Wondrich, Imbibe!",{},2 oz gin|1 oz dry vermouth|0.25 oz maraschino liqueur|1 dash absinthe|2 dashes orange bitters,"1. Add gin, dry vermouth, maraschino, absinthe, and orange bitters to a mixing glass with ice. 2. Stir until well chilled. 3. Strain into a chilled coupe. 4. Garnish with a brandied cherry or lemon twist."
mw_review_001_021,army-and-navy,Army & Navy,A gin sour flavored with orgeat and lemon for almond richness.,"The Army & Navy is a gin-lemon sour sweetened with orgeat rather than plain syrup. Gin botanicals stay present, lemon keeps the drink bright, and orgeat adds almond body and a soft floral finish. Shaken and served up, it is richer than a Bee’s Knees but still clearly a sour. David Embury helped keep the drink in circulation in the mid-twentieth century.","Shake an Army & Navy with gin, lemon juice, and orgeat for a classic almond gin sour.",Gin,Sour,classic|sour|gin|orgeat,gin|lemon|orgeat|shaken|almond,,"Army & Navy served in a chilled coupe, pale opaque gold in color, garnished with a lemon twist.",Coupe,lemon twist,Shake,Easy,6,5,6,1,7,6,Quality orgeat matters; artificial almond syrup flattens the drink. A dash of orange bitters is optional but traditional in some versions.,"David Embury included the Army & Navy in The Fine Art of Mixing Drinks, helping preserve the orgeat gin sour beyond its earlier service-bar life.","David Embury, The Fine Art of Mixing Drinks",{},2 oz gin|0.75 oz fresh lemon juice|0.75 oz orgeat syrup|2 dashes orange bitters,"1. Add gin, lemon juice, orgeat, and orange bitters to a shaker with ice. 2. Shake until well chilled. 3. Fine-strain into a chilled coupe. 4. Garnish with a lemon twist."
mw_review_001_022,remember-the-maine,Remember the Maine,A rye Manhattan variation with cherry liqueur and an absinthe rinse.,"Remember the Maine follows Manhattan architecture with rye, sweet vermouth, and cherry liqueur, then adds an absinthe rinse for aroma. Rye and vermouth provide the backbone, cherry liqueur deepens fruit sweetness, and absinthe lifts the top note. Stirred and served up, it is richer than a standard Manhattan and clearly pre-tiki American in tone. Charles H. Baker recorded the drink in 1939.","Stir a Remember the Maine with rye, sweet vermouth, cherry liqueur, and absinthe for a classic Manhattan variation.",Rye,Spirit-Forward,classic|spirit-forward|manhattan-family,rye|vermouth|cherry-heering|absinthe|stirred,,"Remember the Maine served in a chilled coupe, deep red-amber in color, garnished with a cherry.",Coupe,brandied cherry,Stir,Intermediate,8,4,1,4,8,6,Rinse the glass with absinthe and discard the excess. Cherry Heering is the usual cherry liqueur; keep it below the vermouth measure.,"Charles H. Baker published Remember the Maine in The Gentleman’s Companion (1939), tying the drink’s name to the 1898 USS Maine slogan.","Charles H. Baker, The Gentleman’s Companion (1939)",{},2 oz rye whiskey|0.75 oz sweet vermouth|0.25 oz cherry liqueur|absinthe rinse|2 dashes Angostura bitters,"1. Rinse a chilled coupe with absinthe and discard the excess. 2. Stir rye, sweet vermouth, cherry liqueur, and Angostura with ice. 3. Strain into the prepared glass. 4. Garnish with a brandied cherry."
mw_review_001_023,porto-flip,Porto Flip,"A rich flip of brandy, ruby port, and whole egg finished with grated nutmeg.","The Porto Flip is a classic egg drink that blends brandy and ruby port into a thick, dessert-leaning cocktail. Brandy adds structure, port contributes wine sweetness and color, and the whole egg creates a dense foam and creamy texture. Shaken hard and served up with nutmeg, it sits closer to a flip than a sour. The IBA includes it among traditional flips.","Shake a Porto Flip with brandy, ruby port, and egg for a classic nutmeg-finished flip cocktail.",Brandy,Dessert,classic|dessert|flip|brandy|port,brandy|port|egg|nutmeg|shake|flip,,"Porto Flip served in a chilled coupe, deep red-brown with foam, dusted with nutmeg.",Coupe,grated nutmeg,Shake,Intermediate,6,6,1,2,7,9,"Dry-shake first for texture, then shake with ice. Use a fresh egg and a ruby port with enough body to stand up to the brandy.","The Porto Flip is listed by the International Bartenders Association as a classic flip combining brandy, port, and egg.",International Bartenders Association,{},1.5 oz brandy|1.5 oz ruby port|1 whole egg|grated nutmeg,"1. Dry-shake brandy, ruby port, and egg without ice. 2. Add ice and shake again until cold and thick. 3. Fine-strain into a chilled coupe. 4. Garnish with freshly grated nutmeg."
mw_review_001_024,french-connection,French Connection,A simple after-dinner duo of Cognac and amaretto served over ice.,"The French Connection is a two-ingredient stirred drink pairing Cognac with amaretto. Cognac supplies dried-fruit richness and warmth, while amaretto adds almond sweetness and softens the finish. Served over ice, it is intentionally simple and dessert-adjacent without cream or juice. The IBA recognizes the combination as a contemporary classic duo.",Build a French Connection with Cognac and amaretto for a classic two-ingredient after-dinner drink.,Cognac,Spirit-Forward,classic|spirit-forward|brandy|after-dinner,cognac|amaretto|built|duo,,"French Connection served in a rocks glass over ice, deep amber in color, no garnish.",Rocks glass,None,Build,Easy,7,6,0,1,7,6,Equal parts are standard. Prefer a VS or VSOP Cognac; amaretto quality strongly affects the finish.,The French Connection appears on the IBA’s contemporary classics list as a short Cognac-and-amaretto combination.,International Bartenders Association,{},1.5 oz Cognac|1.5 oz amaretto,1. Add Cognac and amaretto to a rocks glass filled with ice. 2. Stir briefly to chill and combine. 3. Serve without garnish.
